<?xml version='1.1' encoding='UTF-8'?>
<flow-definition plugin="workflow-job@1385.va64369e7c55c">
  <description>CI/CD Pipeline for proto-ddf (NetSuite Integration Hub)</description>
  <keepDependencies>false</keepDependencies>
  <properties/>
  <definition class="org.jenkinsci.plugins.workflow.cps.CpsScmFlowDefinition" plugin="workflow-cps@3894.v3a_cf3c6c5d9c">
    <scm class="hudson.plugins.git.GitSCM" plugin="git@5.2.1">
      <configVersion>2</configVersion>
      <userRemoteConfigs>
        <hudson.plugins.git.UserRemoteConfig>
          <url>file:///Users/luismartins/local_repos/proto-ddf</url>
        </hudson.plugins.git.UserRemoteConfig>
      </userRemoteConfigs>
      <branches>
        <hudson.plugins.git.BranchSpec>
          <name>*/master</name>
        </hudson.plugins.git.BranchSpec>
      </branches>
      <doGenerateSubmoduleConfigurations>false</doGenerateSubmoduleConfigurations>
      <submoduleCfg class="list"/>
      <extensions/>
    </scm>
    <scriptPath>Jenkinsfile.local</scriptPath>
    <lightweight>true</lightweight>
  </definition>
  <triggers/>
  <disabled>false</disabled>
</flow-definition>
