{
  "reflex/__init__.pyi": "2fa0051c43f2d3d10114283480c666fb",
  "reflex/components/__init__.pyi": "ac05995852baa81062ba3d18fbc489fb",
  "reflex/components/base/__init__.pyi": "16e47bf19e0d62835a605baa3d039c5a",
  "reflex/components/base/app_wrap.pyi": "22e94feaa9fe675bcae51c412f5b67f1",
  "reflex/components/base/body.pyi": "488979deb7b28fc97a3b4cddc5a2aea5",
  "reflex/components/base/document.pyi": "311c53c90a60587a82e760103758a3cf",
  "reflex/components/base/error_boundary.pyi": "c4e5f60589ad997bfab92c83ca938b33",
  "reflex/components/base/fragment.pyi": "745f1be02c23a0b25d7c52d7423ec76a",
  "reflex/components/base/link.pyi": "6d36c9200b74b1d17371231a9b2b13ef",
  "reflex/components/base/meta.pyi": "d9ab3f671c0689bf477ddc823fc567f6",
  "reflex/components/base/script.pyi": "b103b2188e1d9761d27c387e7daecf9d",
  "reflex/components/base/strict_mode.pyi": "6b72e16caadf7158ab744a0ab751b010",
  "reflex/components/core/__init__.pyi": "007170b97e58bdf28b2aee381d91c0c7",
  "reflex/components/core/auto_scroll.pyi": "10c4cf71d0d0c1d46a8e1205bd119c11",
  "reflex/components/core/banner.pyi": "3c07547afc4f215aefd5e5afa409aa25",
  "reflex/components/core/clipboard.pyi": "a844eb927d9bc2a43f5e88161b258539",
  "reflex/components/core/debounce.pyi": "055da7aa890f44fb4d48bd5978f1a874",
  "reflex/components/core/helmet.pyi": "43f8497c8fafe51e29dca1dd535d143a",
  "reflex/components/core/html.pyi": "ea5919db8c8172913185977df900f36b",
  "reflex/components/core/sticky.pyi": "a9b4492e423f1dd4ccbf270c8ea90157",
  "reflex/components/core/upload.pyi": "6dc28804a6dddf903e31162e87c1b023",
  "reflex/components/core/window_events.pyi": "76bf03a273a1fbbb3b333e10d5d08c30",
  "reflex/components/datadisplay/__init__.pyi": "52755871369acbfd3a96b46b9a11d32e",
  "reflex/components/datadisplay/code.pyi": "b86769987ef4d1cbdddb461be88539fd",
  "reflex/components/datadisplay/dataeditor.pyi": "35391d4ba147cf20ce4ac7a782066d61",
  "reflex/components/datadisplay/shiki_code_block.pyi": "1d53e75b6be0d3385a342e7b3011babd",
  "reflex/components/el/__init__.pyi": "0adfd001a926a2a40aee94f6fa725ecc",
  "reflex/components/el/element.pyi": "c5974a92fbc310e42d0f6cfdd13472f4",
  "reflex/components/el/elements/__init__.pyi": "29512d7a6b29c6dc5ff68d3b31f26528",
  "reflex/components/el/elements/base.pyi": "7d1163c7221bb16691ce179646ce8515",
  "reflex/components/el/elements/forms.pyi": "d83a10ac3d4177183c3911f8732835cc",
  "reflex/components/el/elements/inline.pyi": "8bc2bbf8f3fd8bb9b5910c0e888e5386",
  "reflex/components/el/elements/media.pyi": "cede1d0159b2086dfed6af11817de6b9",
  "reflex/components/el/elements/metadata.pyi": "bace81e70eaa42adbf50702c166dcd65",
  "reflex/components/el/elements/other.pyi": "a6615c3b7373d57f3bf5bf52fd96410f",
  "reflex/components/el/elements/scripts.pyi": "944fbe108254498fd34d9fbf744fc965",
  "reflex/components/el/elements/sectioning.pyi": "b47a74c17a5c55bf410c296d0b708b84",
  "reflex/components/el/elements/tables.pyi": "e3f299e59bb8ff87aa949c6b606551c9",
  "reflex/components/el/elements/typography.pyi": "b4ec4ffb448f7a9b5f94712404448d9e",
  "reflex/components/gridjs/datatable.pyi": "98a7e1b3f3b60cafcdfcd8879750ee42",
  "reflex/components/lucide/icon.pyi": "b319ed95a52ef34a7e3373af36a7ae00",
  "reflex/components/markdown/markdown.pyi": "2f84254a548e908020949564fc289339",
  "reflex/components/moment/moment.pyi": "93fa4c6009390fe9400197ab52735b84",
  "reflex/components/plotly/plotly.pyi": "4311a0aae2abcc9226abb6a273f96372",
  "reflex/components/radix/__init__.pyi": "5d8e3579912473e563676bfc71f29191",
  "reflex/components/radix/primitives/__init__.pyi": "01c388fe7a1f5426a16676404344edf6",
  "reflex/components/radix/primitives/accordion.pyi": "9192299dac04a5172edd7b2f6b125f53",
  "reflex/components/radix/primitives/base.pyi": "8918eb415aabd66736db1ba680de5eb9",
  "reflex/components/radix/primitives/dialog.pyi": "86b6498d67471de91f0854aec02b39e8",
  "reflex/components/radix/primitives/drawer.pyi": "c6ad2f60217fe25952f3a1ba88fbd72a",
  "reflex/components/radix/primitives/form.pyi": "8a5ec180a50acdc35dfe53e4e65c20e0",
  "reflex/components/radix/primitives/progress.pyi": "b26c99c1d827c0f599fff344746aeec3",
  "reflex/components/radix/primitives/slider.pyi": "be343dcd0558917b054683c99d539a43",
  "reflex/components/radix/themes/__init__.pyi": "582b4a7ead62b2ae8605e17fa084c063",
  "reflex/components/radix/themes/base.pyi": "3e1ccd5ce5fef0b2898025193ee3d069",
  "reflex/components/radix/themes/color_mode.pyi": "744548322db3ce069c4b56341f274671",
  "reflex/components/radix/themes/components/__init__.pyi": "efa279ee05479d7bb8a64d49da808d03",
  "reflex/components/radix/themes/components/alert_dialog.pyi": "4a0d24d8ff01634f24e64972879981d3",
  "reflex/components/radix/themes/components/aspect_ratio.pyi": "5d3266b64c0634630ef57b743ed7f846",
  "reflex/components/radix/themes/components/avatar.pyi": "4fccc79784a38d13e2c3c75f824be8c7",
  "reflex/components/radix/themes/components/badge.pyi": "9fe729cf249586a1d05168624ce0eac3",
  "reflex/components/radix/themes/components/button.pyi": "5119706938ee8e45c5749f292332dc14",
  "reflex/components/radix/themes/components/callout.pyi": "7faa6c27d8f3ddea992c52d5a8b290fa",
  "reflex/components/radix/themes/components/card.pyi": "4f1b11b3858750f929f6aca9f388792d",
  "reflex/components/radix/themes/components/checkbox.pyi": "80733028f0d6d1a5d2a6e1b737ee70ee",
  "reflex/components/radix/themes/components/checkbox_cards.pyi": "d787691fcae86c2ec27da4371c72de81",
  "reflex/components/radix/themes/components/checkbox_group.pyi": "b233e9fbc189dee7794ba7ad49c1c82f",
  "reflex/components/radix/themes/components/context_menu.pyi": "cab85b6ac7564b649bfc98acf972176f",
  "reflex/components/radix/themes/components/data_list.pyi": "72615c11a8df2fd700ea1196848b8b27",
  "reflex/components/radix/themes/components/dialog.pyi": "1ed95f7af43d2928bf2bd9d877502396",
  "reflex/components/radix/themes/components/dropdown_menu.pyi": "9c034dace9fdb2c889017ec54be29fe6",
  "reflex/components/radix/themes/components/hover_card.pyi": "3f0a2476ca8d48231ca1fc085ab5d19b",
  "reflex/components/radix/themes/components/icon_button.pyi": "cebf931432317ca4a75d667f196a694e",
  "reflex/components/radix/themes/components/inset.pyi": "4539a8213cc7ee3a2bbfd10fbe9b3e13",
  "reflex/components/radix/themes/components/popover.pyi": "6f7a0e6fba970bfc37670d39bd8b0649",
  "reflex/components/radix/themes/components/progress.pyi": "bca3898da78f0ddd3f47bce92063bd10",
  "reflex/components/radix/themes/components/radio.pyi": "a9a5b6fa46da99be40e2ff38fbdb6c6d",
  "reflex/components/radix/themes/components/radio_cards.pyi": "59f7ef9153525a05b4ea1ae8ff85f9e1",
  "reflex/components/radix/themes/components/radio_group.pyi": "173254cf91908bcf6aa4fa21a747e2cf",
  "reflex/components/radix/themes/components/scroll_area.pyi": "4e1f86c71e83e5aefcfc0ccce6f00dbb",
  "reflex/components/radix/themes/components/segmented_control.pyi": "1776f1ad936bae402007802b1ee98906",
  "reflex/components/radix/themes/components/select.pyi": "f7196bf70b506b21ccce95301679b8b5",
  "reflex/components/radix/themes/components/separator.pyi": "4db0b99e3ffc63c59a8d6d973c25495a",
  "reflex/components/radix/themes/components/skeleton.pyi": "4bae01522e3f4efe5d04262c53f23571",
  "reflex/components/radix/themes/components/slider.pyi": "305a34c14ca8656ca9267e4c31aaa388",
  "reflex/components/radix/themes/components/spinner.pyi": "476098d606a9271ff49d7bbbae285acd",
  "reflex/components/radix/themes/components/switch.pyi": "1edf811e25894d44e7ec5a8f031ff86a",
  "reflex/components/radix/themes/components/table.pyi": "6e49e5bf41fa9314a27887ce13f52955",
  "reflex/components/radix/themes/components/tabs.pyi": "a533d2509a6798fe0ab7275b0152519d",
  "reflex/components/radix/themes/components/text_area.pyi": "804ab6e4a7ffbd8a5775b5fd0b1b11f7",
  "reflex/components/radix/themes/components/text_field.pyi": "43bb4cc023bef0c863b213a63dc7c9ae",
  "reflex/components/radix/themes/components/tooltip.pyi": "9fa0019cf2c399bdd8c5f8751304f3b8",
  "reflex/components/radix/themes/layout/__init__.pyi": "73eefc509a49215b1797b5b5d28d035e",
  "reflex/components/radix/themes/layout/base.pyi": "5be31d7dadd23ab544e53762423d123e",
  "reflex/components/radix/themes/layout/box.pyi": "4100390dffbe51244b2160eaaed87aac",
  "reflex/components/radix/themes/layout/center.pyi": "04c639a3d51e760a894ccbbc0ae6b9fb",
  "reflex/components/radix/themes/layout/container.pyi": "bea2ed8aede6d97f7621044b5a3eea3b",
  "reflex/components/radix/themes/layout/flex.pyi": "611698768c23371aac2d91ea61b7793c",
  "reflex/components/radix/themes/layout/grid.pyi": "44172f054ce19b83c2ab764a1882e905",
  "reflex/components/radix/themes/layout/list.pyi": "7f7c5fa76f5d6a27cff6f439770bd8c7",
  "reflex/components/radix/themes/layout/section.pyi": "996e272a3fad0929aa404eccf6a6f69c",
  "reflex/components/radix/themes/layout/spacer.pyi": "3fe577f49d212c9a7aedc749ecc857e4",
  "reflex/components/radix/themes/layout/stack.pyi": "b1983d80ee291e78e5794923dcc7696b",
  "reflex/components/radix/themes/typography/__init__.pyi": "b8ef970530397e9984004961f3aaee62",
  "reflex/components/radix/themes/typography/blockquote.pyi": "42f6ffc1fe7a6a2b8b77ef8be668b8a3",
  "reflex/components/radix/themes/typography/code.pyi": "3f574fda4543f37ae0e7aab43d61f4c2",
  "reflex/components/radix/themes/typography/heading.pyi": "4b059485eaafcf2c41429e02cbe483ef",
  "reflex/components/radix/themes/typography/link.pyi": "85d50a3c89a8b3b019289d20d85e9960",
  "reflex/components/radix/themes/typography/text.pyi": "5397e5691b5f0b324378f2fcb6bf0f1f",
  "reflex/components/react_player/audio.pyi": "9de7d9830534c6ec1f305434c4d8abd8",
  "reflex/components/react_player/react_player.pyi": "7a7a29a64a0d127c12c8131abcd012d1",
  "reflex/components/react_player/video.pyi": "e946b4915b41326d4e4b39381349d152",
  "reflex/components/react_router/dom.pyi": "ea17a16e817523009e30fb049b1cf9dc",
  "reflex/components/recharts/__init__.pyi": "6ee7f1ca2c0912f389ba6f3251a74d99",
  "reflex/components/recharts/cartesian.pyi": "cfca4f880239ffaecdf9fb4c7c8caed5",
  "reflex/components/recharts/charts.pyi": "013036b9c00ad85a570efdb813c1bc40",
  "reflex/components/recharts/general.pyi": "d87ff9b85b2a204be01753690df4fb11",
  "reflex/components/recharts/polar.pyi": "ad24bd37c6acc0bc9bd4ac01af3ffe49",
  "reflex/components/recharts/recharts.pyi": "c41d19ab67972246c574098929bea7ea",
  "reflex/components/sonner/toast.pyi": "3c27bad1aaeb5183eaa6a41e77e8d7f0"
}
